136.37,-0.9006299999999999,3.4571,1.0847,5.7758,6.0925,2.2766,1.2177,136.37.1,-0.9006299999999999.1,3.4571.1,1.0847.1,5.7758.1,6.0925.1,2.2766.1,1.2177.1,136.37.2,-0.9006299999999999.2,3.4571.2,1.0847.2,5.7758.2,6.0925.2,2.2766.2,1.2177.2,136.37.3,-0.9006299999999999.3,3.4571.3,1.0847.3,5.7758.3,6.0925.3,2.2766.3,1.2177.3, 
115.46014,1.5894032,-7.4642179666666655,10.375146333333332,1.834041,2.076850333333333,2.399753666666667,0.923652,-0.1454058307330662,-0.6367770427042507,0.4648803806121562,-0.0694178012505665,-0.0385674751609771,-0.0443358922298003,-0.5786255820348676,1.2729545480459097,-0.3847672543766078,0.3180481139698092,-0.7394103784137194,-1.2950165534193498,-1.6146622318942945,-1.602042813766672,-0.9944736523969951,4.3796163509232375,179.50355029180344,2.2919876603802964,26.41172491547221,38.26722132699102,4.200513234347134,4.2605912659416125,0.0946440779527557,0.0740983218456021,moderate
142.543122,1.6387229000000003,-4.628683533333333,10.2484203,2.0389586666666664,2.282628666666667,2.281036,-1.1577506666666664,0.1256083554509825,-0.4950658251245685,-0.1275015092051321,-0.0887431706067506,0.0439524922681584,0.0511448702865058,1.0816497499616278,0.9587972749767112,-0.1277240721378949,0.076793480607781,-1.0680756381042826,-1.1399043077648985,-1.401599166789415,-1.4038682176696784,-0.6982421119348547,-0.8517536608351266,185.63571997533532,2.374089365815629,28.637576686350684,34.78235352268941,4.567176997509529,4.64763896444107,0.2028269964088626,1.340031544417145,moderate
168.57311333333334,1.1472371666666668,-2.94246732,9.051442133333332,1.8835286666666664,2.122437,2.086469666666667,-1.5586233333333332,-0.1273721370735713,-0.4924703963517411,-0.0114639611071961,0.0141914243386319,0.0887617045206457,0.1046872748223134,0.8298367012171654,0.3791982101048461,0.2245602143141942,0.1976804283155888,-0.4649682838761801,-0.6218184207867825,-1.1710517905384057,-1.173498856527072,-1.079777951239856,-1.4641914772877966,182.6975901192592,2.247178475646219,24.32119952849071,29.004200086013327,4.704080820471731,4.787347851399423,0.0951414914282557,0.1167856429971442,moderate
204.0770093333333,0.5738335333333333,-5.603062576666666,2.158372166666666,1.894315,2.134161,2.1591826666666667,-1.7266363333333334,-0.0412100655774504,-0.7722309066511904,0.2320830400199444,-0.1336520360266077,0.0718674931947226,0.0872503948294167,0.0305296310782795,-0.4851921241002094,-0.0932870051729244,1.2740062317844294,-1.1636821285025158,-0.7385396896434249,-0.9307280488618596,-0.9458367617906496,-1.8419418751055083,-1.195219710542717,188.9572365899785,2.1040602309469083,15.850650046935783,25.435776694865044,4.953335245143174,5.053399033702473,0.0769201068795632,0.0819778229650099,moderate
204.45962,1.4796125666666669,-10.526078866666667,2.1031725666666663,1.870960666666667,2.1865823333333334,2.188749,-1.7720843333333332,0.0265233189530406,-0.6537321712749561,0.8193674446908285,-0.1493369652065278,0.0845550317544729,0.0990828848475606,-0.6168388725780473,-0.0344310926989441,0.1635603466396462,0.3070305285729362,-0.816213915417729,-1.4103950703336932,-0.7807308348773976,-0.8065491623182175,-1.4054184939414518,-1.0507573752856063,183.2439399695828,2.1642240323739044,17.958241395410116,33.50691030630532,5.035059618248555,5.146362196300046,0.1088678762565064,0.1804736493644949,moderate
164.93639733333333,1.700053066666667,-5.813105123333333,11.354415466666667,1.877274,2.174304333333333,2.124077666666667,-0.7529383333333334,0.0512090466870811,-0.4200393893628694,0.0178276884887436,-0.1994689880048051,0.0256711655639311,0.0355170113539674,-0.628583070294745,-1.4813571038505526,0.1398392977105254,0.3591404436012304,-0.9158595680608572,-0.906865072368273,-0.5797529119197122,-0.6240728821094521,-1.599053876145515,0.8104353512337399,195.63416012286004,2.2033086841833858,27.68044551395492,34.3040889110429,4.68415494030031,4.798994853406767,0.0873791637754439,0.5173133664368271,moderate
240.92110266666663,0.7007790333333335,-4.048719343333333,4.910879566666668,1.9107193333333328,2.1853743333333333,1.899011333333333,-0.2881913333333334,-0.2412609123720346,-0.5009348973664969,0.1016900520665119,-0.0710098315434701,0.0127262872506242,0.0107877781891554,-0.3664364952178587,1.0328347555159525,-0.1363414308351402,0.3334121229105524,-1.13128732532876,-0.2918525593431154,-0.4930320897122939,-0.5474628435932059,-1.085125180043472,-0.8853050370215363,194.01049474975903,2.1164386871546776,16.76828251530274,23.543385655822973,4.216984898130784,4.322117623729414,0.0947006510851009,0.8675488971934826,moderate
231.54241266666668,0.7303713666666667,-4.637758313333333,0.1655583000000001,1.8086576666666667,2.069625333333333,1.899135333333333,1.6212973333333334,0.0301491061856548,-0.430091727084211,0.1080584425510488,-0.0009617016718216,-0.1250584408212489,-0.1428514259387445,-0.8083363852991867,0.1011269089081533,-0.0019134122611537,0.1098865828159634,-1.06891938244936,-0.3698443876590578,-0.3461908786693852,-0.4181284707965935,-1.1562537625873823,-1.721011712660483,180.58217040500995,1.991996432889363,16.056219548385705,24.41092199398213,3.578767637869321,3.6708187207251615,0.0124770994864273,0.1023379933153286,moderate
229.29363333333333,1.1232202666666669,-7.0176476700000014,2.132515133333333,1.878026333333333,2.1313906666666664,1.760569,1.5763453333333333,-0.000789207838637,-0.2903162047448654,0.3530334596979755,-0.1660441788913969,-0.3325441634418595,-0.3779268083933134,-0.1813108996488747,-0.5268318518344292,-0.137976585037288,-0.0492753909191683,-0.997023749168199,-0.7004796752437028,-0.0721655930774773,-0.1173886053325685,-0.7779780445060012,-1.1524035138610296,182.7384870568604,2.1311503642590623,16.294830434047093,27.01959257400084,3.000863701724497,3.0784647448031963,0.0813106163225679,0.067269689424533,moderate
199.1966493333333,1.4328666333333335,-10.359814133333332,-3.129650333333333,1.9482913333333332,2.2160866666666665,1.7493246666666664,1.59071,-0.2695544718321488,-0.5058188635825538,0.738007887527002,0.0831939174338122,-0.4909670920278706,-0.5877055047938844,-0.3307193239709002,1.1921359221307488,-0.0914798798783271,0.3293075143786521,-0.6836840861022555,-1.3515084740791308,-0.3793911640477438,-0.3350827629900084,-1.4425350876443,-0.4537551334242136,180.7735623297272,2.0065582727781703,21.71180871172723,35.34643414403407,2.8465929322962364,2.8987501257601016,0.0943862564655867,0.1563636259227372,moderate
169.14727533333334,1.4834733999999998,-5.3046149,4.8888039333333335,1.990553,2.261257,1.8047623333333327,1.6377896666666667,-0.2200556955771028,-0.3387709770823396,0.146010723387457,0.2065280470224272,-0.4401121887030526,-0.5227709716825654,0.3674593459256722,-0.1760381056348025,-0.0937217594754806,0.2485285719992003,-0.6741201927884708,-0.8986194926730233,-1.1716190242260198,-1.0738815270080564,-1.5478168163196344,-1.7991791396401358,180.43116785626285,2.1714462497204923,28.318222274185743,35.08986121520739,2.9844436394770555,3.018118575454364,0.0841516596427206,0.0781497652753836,moderate
240.442834,0.6317306,-3.646340700000001,5.072642200000001,1.907672,2.1873413333333334,2.3355853333333334,0.5865669999999998,0.3279963143912596,-0.4537013611672552,0.0736911758647794,-0.0744718014315998,-0.0968339710570014,-0.114180401743199,-0.2460999272443096,1.0091480366096934,-0.2853196776773892,0.0732330258072302,-0.9602126293235572,-0.2109356491709171,-1.6320247066668134,-1.6037333692060902,0.0123069977590724,-0.7423047519168544,194.58397728886212,2.0064348475635496,16.634789593462106,22.68156168429976,3.896127017806136,3.951155982885921,0.161440081095648,0.5395175306052944,moderate
225.03504399999997,0.9525291000000002,-4.428441423333334,5.8840865,1.9661866666666667,2.240437,2.5022076666666666,1.8129803333333327,-0.1944147550687393,-0.5626105828707811,0.0812348222864469,-0.2366026915983562,0.0696948880864811,0.0773182203649891,-1.5868408334445645,-0.8604330859568905,0.6708819659585603,0.2328238862572407,-1.3593425548280194,-0.6038142330414087,-1.2883950588443809,-1.2915644206089731,2.0947545645503527,-0.0160019701168989,191.00102680497167,2.0469678585020965,18.75024882280621,26.9886659053671,4.693414676933458,4.780701125934987,0.2180312885432616,0.2737963261390598,moderate
153.35697066666663,1.4869031333333331,-1.864530756666667,10.418513166666669,1.814234,2.0825340000000003,2.0019986666666667,0.8383039999999999,-0.0394079062351503,-0.383787507923583,-0.0744973854215426,-0.0821949860438864,-0.1881334809244903,-0.1893509958212055,0.9568784068466868,0.5730388031003483,-0.2365047389550532,0.6053437034847247,-1.08348920773377,-1.2355169231970056,1.2563531233599536,1.190898704314979,-0.6488187432944374,-0.995748637178004,201.5679285284916,2.263983749259378,28.53641032891209,35.48621931400102,6.4612643613305805,6.586889655720124,0.1354827032298605,0.1818282128290382,moderate
213.886164,0.9023484666666663,0.2958187433333332,3.955949366666667,1.87127,2.129659,2.03963,0.768932,-0.2503066629865157,-0.3936618970135792,0.1383081517218819,0.3472816959331203,0.0142595814882179,0.0191605708700215,1.0123640049351907,0.3547352932571512,-0.0143164917617553,0.1569151856110346,-0.1282773594941733,0.3048693373933435,-0.334051292928947,-0.3765764822457913,-0.3400835708528964,-0.987424265556588,197.821750095614,2.1646465812863225,22.217968619838896,26.793053481986032,5.480672749678049,5.605060378095194,0.1254940549432002,0.1704484821273917,moderate
252.26123666666663,0.5292303333333334,-1.4417616699999998,1.217555366666667,1.961979666666667,2.2253986666666665,2.388338666666667,1.0533480000000002,-0.0024732494159726,-0.4861983465420723,-0.113434933208369,-0.2083181087945015,-0.058537272756536,-0.0828372404758343,-0.6934195783466777,-0.268065157160153,-0.1556742788688696,0.2849271559377788,-1.0127333293610268,0.0099608745178652,0.3508996737471923,0.3102652474524712,-1.182602793603642,-1.7932230050654137,183.96296412873716,2.1176117767273435,15.972991843161529,22.249024773757423,4.412527603394941,4.503002009488382,0.2193759756686163,0.0772465022056664,moderate
241.44782,0.4811965666666666,-2.7543043533333336,2.4971118,2.056669333333333,2.333773666666666,2.0866056666666664,-0.8819446666666666,-0.2459832306223631,-0.5189729549023577,0.0021602917255753,-0.2873621728480862,-0.3597006309600328,-0.4475975924462833,0.5256874250815542,1.001263021163906,-0.2966617337833876,0.2629242101409934,-0.8243396263089586,0.0993751517367536,0.2225450667245567,0.3220400518491457,-1.237151412463413,-1.0008496537614655,187.98544799947476,2.2373137766018547,14.529845443479696,21.556270038695857,3.522149536136882,3.5563544882026434,0.2139529257789825,1.1480752486051402,moderate
268.482066,0.2534652,-2.12749911,4.745331233333333,1.8870773333333333,2.1568973333333337,2.0249589999999995,-1.5505123333333333,-0.3380669757735228,-0.6268981146989024,-0.5101194190755775,1.1190155173499554,-0.3105708066761156,-0.3742671927826345,-0.0750832683952828,0.3428788978177052,0.1249386055689769,0.5034591780712367,0.974171492783324,2.108196941387829,-1.353932874116793,-1.2896169217901068,-1.295784460031042,-1.6957911495238405,168.7343400550961,2.069384338007223,8.612609934554277,12.640337934721524,3.829949131086284,3.872358504911629,0.1258506072166093,0.1209561968361512,moderate
257.5246446666667,-0.0060055333333333,-1.490497906666667,1.6578855666666668,1.894659,2.1585906666666665,2.1018906666666664,-1.5531536666666668,-0.2272313321586828,-0.5601896566661753,-0.314033095737598,-0.2704949081276849,-0.0738573318447266,-0.0866427058265982,-0.9094075209947629,1.353998389410712,0.0393173087224174,0.1770979576338378,2.660396796773921,5.04223755695573,-1.602006544624957,-1.579461863539514,0.0030712323908752,0.1293956174107751,187.7002290660596,2.300607445449769,11.31321755267732,14.9372895400879,4.0901099257560585,4.153943180851824,0.095856123265272,0.1108940828535438,moderate
215.75204133333327,1.2364423666666664,-0.000744166666667,4.120374033333334,1.9111606666666667,2.168228666666667,2.060699666666667,-1.6875146666666665,-0.0019310879642222,-0.5875336863040452,-0.1316470188260839,-0.0151794142517657,0.0542171646265348,0.0688343833580713,-0.7025235505164945,1.233251810733844,0.2281394201189739,0.4857790311441179,-0.9372520720743034,-0.8991383579118342,-1.1312255183729256,-1.1437525758847975,-1.2579668375730542,0.1817823986759656,187.7861733220636,2.1331570664499173,24.662158346337044,29.364554694485317,4.691335802023134,4.793469605052283,0.1390878297377575,0.1209764370139803,moderate
209.67524866666668,1.1150691,-5.682784,0.3074833000000004,2.0026083333333333,2.2683816666666665,2.191381666666666,-1.647632666666667,0.0260688101521791,-0.4610963915930584,0.0876753492748795,0.0397589898960737,0.0117672578169931,0.023835002221415,0.2517708170020437,0.3736911624481487,-0.2475782337599934,0.1613851989613937,-1.2323603176584323,-1.2310268979367391,-0.7198002247111677,-0.7526991996619952,-0.6639530327946837,-1.0878242305494332,189.7319918871818,2.0786477729477864,23.56703053507673,33.26853637444847,4.908253541691687,5.019988592396387,0.0594538642180395,0.1919681164290221,moderate
153.11771866666666,1.6147051666666667,-4.91128599,8.031803566666666,1.9946843333333333,2.259794333333333,2.476298666666666,-1.8698426666666668,-0.1596866226754149,-0.3463088542550647,0.1161442432263848,0.0401205698449695,-0.0454821919189047,-0.0472161797597682,-1.763686024114651,2.559119092258591,0.016177130870095,0.1144057322531963,-0.9272419900768996,-1.1752134338431108,-0.3865093894961822,-0.4527421914646465,2.7057104925693864,5.36809799002897,188.205582368896,2.354867484927663,28.653582763757612,37.10705610724061,4.269211622487203,4.381975522646316,0.128808303543527,0.3700038322763963,moderate
270.53975533333335,0.8620354999999998,-4.947186746666667,-0.025506733333333,2.0066293333333336,2.2634716666666668,2.0904906666666667,-0.8725456666666666,-0.0150627392638062,-0.4338045000274591,0.2143838697561979,0.0249754160819005,-0.195155108198216,-0.2422399011507348,-0.3350387888390955,-0.1009038987181915,-0.1885299086843432,0.100525179258863,-1.067190015166208,-0.5567560704248509,0.1158620875005742,0.0623575927718702,-1.1350703366847057,-1.928077949587712,193.02208008008927,2.043108399311011,15.912339138867862,24.105684882213406,3.055727141946137,3.1361210390548644,0.0349849396105533,0.2265533783874153,moderate
271.54456066666665,0.6111437666666667,-6.667771843333333,-1.7926342333333336,1.7931389999999998,2.060671,2.108525666666667,-0.981916,-0.092329823633736,-0.5754819511600496,0.3239317092657257,-0.0156608267065818,-0.4824072960103839,-0.5802220941960986,-0.4538806174578429,0.5534637523916504,0.4104952421089543,0.2837197814881551,-0.9299952924887358,-0.6710352235874089,-0.7923231795283185,-0.7327061966043291,-1.0131358704726745,-1.4145410767050228,187.0215453815179,2.1931582524622546,15.024462457658052,24.457814852121995,2.697231711328175,2.7514032298027304,0.1118487627422798,0.1084089754765701,moderate
263.4103833333333,0.9267944666666666,-7.701490066666667,-1.3005092000000005,1.96125,2.208775,2.354188,-1.139260333333333,-0.1544266547897912,-0.6738366870007502,0.4274339078200922,0.0833658453806219,-0.1533828884228563,-0.171064926942609,1.405704237743216,0.471390534563906,0.0025021137935063,0.3986572701699891,-0.9307620382292568,-0.786979155151204,-1.544962375316831,-1.5138972287594508,0.9460669588370894,-1.5875958788876017,182.38268870243988,2.1406333359345853,15.5821420654469,25.265953381987124,3.565105570826357,3.6192608718729526,0.099686390801537,0.0718724315339632,moderate
193.981192,1.4388678,-0.1624689466666666,10.006356966666669,2.0492096666666666,2.3190246666666665,2.1442383333333326,1.2538749999999996,0.0583597071300692,-0.4214844440259514,-0.0410679490465139,-0.1060667247236965,0.0456025611249869,0.0596163906835423,0.5229308836567279,-2.549184563602567,-0.3366360662720393,0.3857976113993078,-0.8838045229362907,-0.8058218169706497,-1.1093444814076532,-1.1197775600548652,0.3154794033409036,4.684854380206653,192.2422777941775,1.9177828530261267,27.42842179746172,30.966230609020755,4.529701855760504,4.621282390531334,0.2022002364388874,0.837483186278585,moderate
272.9802726666667,0.8577465666666668,-3.5673724100000004,2.5218489,1.7937640000000004,2.055427,2.01886,1.6198423333333336,-0.1771549027874426,-0.4246078073476227,0.1260381020356859,-0.0864202917236473,0.0627954609705179,0.0816056279625608,-0.1207937712801728,-0.5544589094341557,-0.2338588182561976,-0.0257236580914135,-1.18955397152831,-0.4649503899543181,-0.5624565567235309,-0.5976322964342224,-1.6157089893448653,-0.5384164992029703,190.4976692828699,2.041965954647713,17.288027066824966,24.296309780531203,4.684873311069707,4.7988269770179794,0.1634544679013794,0.1428125606034331,moderate
284.128946,0.9611060333333334,-7.406012876666667,2.487217333333333,1.88018,2.1460423333333334,1.8333306666666669,1.516954,-0.0221326964468892,-0.4880571251653918,0.3971875908582504,-0.0614413682008246,-0.0398662980095858,-0.0426588168949459,-0.7871220417984612,0.3659202929158791,0.1038950515960821,0.3186783634209282,-0.9324018802263,-0.8045045008420408,-0.3162934237145363,-0.3859453230708594,-0.9352817725025208,-0.8650645841665114,172.28608121481048,2.1692541207295823,15.923172854088865,27.11117293945745,4.1844613461541496,4.297132109192603,0.0665499213598249,0.1489627917583048,moderate
249.67747666666668,0.8894828333333333,-9.90492121,-1.1616143999999995,1.9620283333333333,2.227734,1.7028936666666667,1.5625283333333335,-0.2944687622842163,-0.3212853697003578,0.520885889406654,0.1766419647523532,-0.3164988513305471,-0.359416226312937,0.7176667292426858,-4.76280225296879,0.1398478907922227,-0.0603421718249488,-0.6949375753457749,-0.837916993610301,-0.0551346851248646,-0.0905969197900486,-0.3264278076353752,34.97238344284071,190.05137706540384,2.018114785074284,14.76065603097788,28.02023332406119,3.1994820877024743,3.28276853164396,0.0817040040275628,0.082432923764051,moderate
212.1637366666667,1.5803963333333335,-11.069351833333334,-2.062490666666668,2.070780333333333,2.3421106666666667,2.0919639999999995,0.3961869999999999,-0.0616729902546142,-0.2212447058660506,0.738184812551478,0.2253831438944509,-0.608526230581899,-0.7157169686756791,-0.1850017573994236,0.3378610577986859,-0.0525094292722339,-0.008492223130502,-0.3978138094307439,-1.3909947043861763,-0.373487560476057,-0.2706561853455715,-1.9740210690360795,-0.7777876160182395,203.8993025502969,2.1310967814464754,24.969691058271906,39.499610209598615,2.655148021189776,2.7012404254725118,0.1714063092386705,0.3334555026363511,moderate
234.50967333333332,0.9889807666666668,-5.160247533333333,3.959381733333333,2.050396333333333,2.3241786666666666,2.164490333333333,1.6664096666666663,-0.1440160959620899,-0.4083305260860599,-0.0236237829038321,0.2006391740252533,-0.1829100823806821,-0.22822596721511,-0.3582419578050406,-0.8571964239901242,-0.088623721336702,-0.2779472341912963,0.1620993094979965,-0.2670105077826132,-0.7834099045135927,-0.7167565215209475,-1.30694171777787,-1.2697214138087338,196.5656040543829,2.2917231665328077,20.94786540052716,27.61150057361305,3.426344658936981,3.477595909135458,0.1919510065170239,0.3110501263089466,moderate
271.4490493333333,0.8435935666666665,-4.1775264,6.624336433333333,1.9649163333333333,2.222000333333334,2.380774333333333,1.9125966666666676,0.0475432398826844,-0.4961161372852095,0.1448689119865825,-0.273895765729937,-0.0455007505504522,-0.0484456340159351,-0.5219949864364289,-0.4024364746001952,-0.2173404985978271,0.4872457848178948,-1.2896559576133804,-0.3011759923557671,-1.4992985663795038,-1.5010512695991618,-0.6506219451157689,-1.3578722783124342,195.40438001974547,2.045750174898016,18.60856079329877,24.785069510098893,7.210523918219624,7.312650502730423,0.1394513138614374,0.289735812062519,moderate
285.75591933333334,0.5905567333333334,-3.333866903333333,2.1530554000000004,1.6392086666666663,1.8930683333333336,2.0726756666666666,0.998697,0.001725330822208,-0.739316445430033,0.0687963864638686,-0.1733016674163616,0.0749531326216404,0.0809340728437882,0.581365236303219,2.2379396718606586,-0.3974851820609517,0.7920619041635901,-1.083722539180416,-0.2632756918564087,-1.091336407833668,-1.1045488959772414,1.1624026811772548,7.936514873911735,176.7721108087028,2.261152300151465,16.399469975192346,23.20099698588564,7.155954865273934,7.289614454501795,0.144631813626643,0.2729264156977458,moderate
275.4684973333333,0.6621798666666667,-2.70633657,6.754901133333333,1.683564,1.935674333333333,2.004601,0.9038959999999996,-0.2479449802105516,-0.4408815924005572,0.0812248374232934,-0.19085023791452,0.0260145813471522,0.0305432790324768,0.2303299789097932,0.9608503987521968,0.0625755240672449,0.3284449985085542,-1.2711018342954967,-0.4598436970167374,-0.5565453804415235,-0.5835055535548275,-1.301998794395475,-0.488052407707698,178.8568746869775,1.98207321226384,17.823255345457337,24.158476157465465,6.163872337843159,6.300922590898591,0.1623542626099648,0.1295853708763088,moderate
184.84201133333332,1.3706786333333332,-2.7399364666666672,8.3298053,1.6781086666666667,1.9323716666666664,1.958205666666667,0.99973,-0.0692835708417289,-0.4127910567927199,0.0385032278456173,-0.0813894467983817,-0.0798858254479711,-0.0874141208024113,0.7423779599794511,-0.2978366755436631,-0.045173952801369,-0.2962660638432788,-1.2715120183355502,-1.2003610220855907,-0.0060996505335366,-0.060488919874349,0.1928777853491627,-1.6775715815272454,208.37243356120328,2.2828077688997297,26.592235833566853,35.853862415910086,4.889209923861952,5.0092956468839205,0.1212073228740045,0.1896775271727815,moderate
265.85080266666665,0.8418761,-0.7356161433333331,3.1346021333333334,1.9771926666666664,2.2412523333333336,2.0988463333333334,1.0203023333333334,-0.1837681140770223,-0.5363698908378611,-0.0469337520414091,0.0612385141201809,-0.2940995742170239,-0.3381180372261609,-0.1813861131244535,-0.2272712122442041,-0.4087291451160864,0.3842267659343754,-0.2187653051772269,-0.1765384146077866,0.5620543103573805,0.5253475396067908,-0.8889681828290477,-1.6300737909538814,193.19016616032616,2.264843505578622,20.755332416775445,25.39083232910632,3.6908120576139223,3.7748936219118,0.133429025212355,0.1520716464259898,moderate
297.90924466666667,0.4584676666666666,-0.2282001233333336,1.8120354333333335,2.0266553333333337,2.295269666666667,2.4040893333333333,1.089375,-0.2558672245623372,-0.2274680684413807,-0.2453236405200505,-0.1140244018323021,-0.5088741432757186,-0.6064506984785766,-0.1868786828757933,-3.5480985171903296,0.0830437073474748,-0.1629609866358898,-0.9158263318360688,0.0881128016137591,-0.1305921095531887,-0.0363759762616475,-0.7990917122725314,10.814608017167815,160.8297742529679,2.1864041104284038,15.55363415317397,20.70623525995473,3.103566809539599,3.1512537153289437,0.2065848243500185,0.6773118367653175,moderate
303.555954,0.5824109000000001,-1.812400433333334,7.171645633333334,2.000496666666667,2.275293,1.953516666666666,-1.6289786666666668,-0.0111150689970151,-0.425239490520286,0.0240266269583105,-0.2199345315820049,-0.3516588249263176,-0.4157810484486809,0.5788296389568396,0.5820114409248391,0.7385459968826322,0.1110116047873721,-1.1088187856601135,-0.1953318678756708,-1.3845430013186986,-1.3156230208877249,-0.2387585486636423,-0.941490244158897,183.7007186639968,2.118590871530248,16.550406040319388,22.017168042911983,3.5335280550996253,3.574519021813801,0.0960396155138548,0.0767301936677462,moderate
274.0328633333333,0.3486724333333333,-3.635765713333333,8.081640933333333,1.9663606666666664,2.2378236666666664,2.011791,-1.6062716666666663,-0.0843502752501612,-0.4568841729914933,0.1151059571780202,-0.1771415909794423,-0.1057993155388654,-0.1201472165930295,-0.0455884088266184,1.1686499234323315,0.1636477615620912,0.5902388656612065,-0.8573013252331347,-0.1022776117746526,-1.5635799640336414,-1.5479631221526584,-1.3972689328016366,-0.4126032350383255,179.10801586189513,2.147209552363318,15.006099451898368,21.067058965497665,4.3407967437196575,4.405651664696385,0.1217663215996924,0.0796330486587353,moderate
294.895132,0.082341,-1.999032903333333,3.4512863666666664,1.5461809999999998,1.7901636666666665,2.043687333333333,-1.450179,-0.1767017803834946,-0.9316715022000076,-0.8370691992238197,1.272799638991553,0.2697022935082384,0.2841425206110466,0.7612441434762204,0.0006638964007132,-0.1442027464159778,0.8491530552306839,1.4912117021875386,3.221022610639468,-1.215357455668089,-1.2112133110181222,-1.2856129499185858,-1.429189282073852,181.7546172687583,2.0572076766583405,8.012089056291543,10.88586181606494,4.198504048828873,4.281116111519784,0.1016697712244153,0.2000040867283135,moderate
307.24045600000005,0.0913510666666666,-1.5260152133333331,0.9739587333333332,2.079648,2.346709333333333,2.0149276666666665,-1.5929483333333334,0.0089756602330077,-0.4934372310295858,-1.000592375705445,-0.9129816070001612,0.1230814428440418,0.1445288981174143,-0.2338512413406586,0.4696793674968024,-0.1897492372194742,0.1616001596630303,6.571209510311219,8.566804751376829,-0.868638818778178,-0.8855198370486228,-0.4558444581720753,-0.4225914840072078,179.30372712202154,2.1774970217504244,7.946141279223886,11.953048758028991,4.2802902485777246,4.375672990177563,0.072592264906829,0.1333795044396657,moderate
212.498326,1.3389420666666667,-1.5139331566666665,3.7953536666666663,1.962772333333333,2.2275436666666666,2.001149333333333,-1.6744659999999998,-0.1949938605934293,-0.5308256218802623,-0.0646456694948613,-0.0965691429226058,0.0518901722766025,0.0675937554602562,-0.7035052215678806,-0.3631914322930205,0.3686012705168724,0.0038370816824437,-1.07830293996357,-1.072613152919058,-1.01286101252055,-1.0360595674811213,-1.046460149069211,-1.7679903734313451,187.42025056506523,2.1959851139192432,26.868379007455346,33.3096933959154,4.377727667222166,4.480104889105221,0.0681019290624648,0.1782953835352069,moderate
311.8337446666667,0.8140027666666666,-4.3864874700000005,4.386436433333333,2.198374666666667,2.462397333333333,2.1471686666666665,-1.6392313333333333,0.0891902982695768,-0.6085152442403157,0.1270128955912502,-0.0025299988471051,-0.0288867299446916,-0.0270408040945666,-1.1488284630155974,0.7703110937667867,0.3117788373144399,0.3803626850755832,-1.0008890324536952,-0.3829175768893393,-1.0674911594291483,-1.1114289898317795,-0.0308305694493133,-0.656359382045224,173.87862725123614,2.1180518935775954,16.493849345478417,22.919041812619792,3.9988602389422834,4.108421268100456,0.0942939161716109,0.2464446279940234,moderate
303.3648113333333,1.1013463666666667,-3.2454679,1.2552210333333331,2.1634383333333336,2.427499,2.3693253333333333,-1.5891833333333334,-0.0566668809031859,-0.1526806756661434,0.0394342318487711,-0.0009765750898397,-0.1253682291852816,-0.1392138118584857,0.2188144452733425,-0.0894930650034785,-0.1377184495012993,0.1307699879890544,-1.5397647155361074,-0.9708555391660942,-0.9744547362169068,-1.0145905590873796,-1.416203021142138,-0.9849027654840312,178.31574902750347,2.0700960892936413,19.04811251966065,27.239902335420737,3.289394325046693,3.3883640132449133,0.181007822106582,0.3605032169347311,moderate
183.98062933333333,1.731790266666667,-1.681664643333334,5.323848833333333,1.9245236666666663,2.1947206666666665,2.0903279999999995,-0.6150973333333333,0.050257195691993,-0.4596251855012287,-0.1145711165811305,0.1460675931940688,-0.2371896913470685,-0.284105051478185,0.3053552692687412,-0.6828837733956253,-0.029854263962616,0.3561192041545289,-1.1638056950419808,-1.11744681942539,-0.534121161075177,-0.5365465506843643,-0.9325602611579664,-1.4263610630912815,195.8311802376996,2.2380166811606,29.08588003763565,35.35513595169021,2.5060746204274107,2.584005083524118,0.0409472237533921,0.2452403053144499,moderate
236.18409066666663,0.7286542666666667,-0.672518033333333,5.444477633333333,1.821659,2.096038333333333,2.06209,-0.6793733333333336,-0.3254372810479328,-0.6500712173527033,0.2336888533866679,0.3463825407403623,-0.5734659990284925,-0.6731181442714405,-0.0216134289391427,0.022308369017065,0.0070232976681756,0.6087305018575155,0.0834616353794244,-0.0118855953882643,-0.7751908492206616,-0.690147235764857,-1.522027355263711,-1.8091108063438528,191.12300509698875,2.1163470315695485,21.576810535022087,25.272967802890395,2.191435972711496,2.2495601020361287,0.0794804801344835,0.1948660710360468,moderate
271.6880913333333,0.3606835666666667,-2.09766212,0.9294293,1.8693213333333327,2.135485333333333,2.041436666666666,-0.5585880000000001,-0.201705938548613,-0.5085886376667049,-0.0016091899706159,-0.0260251500788346,-0.2148660026296625,-0.2701997847058107,0.0762746380552977,-1.210524583553839,0.1345576968058286,0.0200842525427589,-0.9769866019762028,-0.025423379845245,-1.4932392933148355,-1.401150491656537,-1.9498274741049253,0.100127115117842,177.11679669068306,2.104939035157244,15.429836761401338,20.32071064346038,2.6357197425274026,2.688554922199626,0.063370706774866,0.1457500652753171,moderate
274.415376,0.6557466333333334,-2.4879295000000003,5.157515733333333,1.7770960000000002,2.027794333333333,2.17983,-0.7344823333333333,-0.0971840142595475,-0.6738052759229961,0.0298922985113051,-0.2334068995781023,-0.2921434713449183,-0.2948330820343587,-1.0511803752686626,0.7137474179853069,0.1727860300603128,0.2814272605408781,-1.2739280917557585,-0.4819970221259169,3.8418146208174258,3.7940327513766183,-0.6718328361126957,-0.8137087475676745,190.7937064068271,2.174651638342138,16.8060771806199,23.836224597969423,4.70641737600636,4.793636802908122,0.0675255187734142,0.1432174306057749,moderate
287.09592133333337,0.6668981,-3.245840933333333,2.0997882333333338,1.9511306666666668,2.2164660000000005,2.394242,-0.8319596666666668,-0.3785840616490931,-0.7436838935680418,0.0811733163797912,-0.2312782485318962,0.0843526988588893,0.0934499414579783,-0.0250106035713044,3.929338338821944,0.3598946824792053,0.4938813731469764,-1.2195458216533894,-0.5081931887201065,-1.240611819154959,-1.246351345401466,-1.4273715820543311,13.723035486853624,177.97799105298498,2.1017994515501504,16.131535633048486,23.139727578309703,4.984444424526858,5.0835843901013,0.182617717665486,0.4876856821304808,moderate
302.2642253333333,0.5905581333333333,-3.49294639,3.329502933333333,1.9168923333333328,2.171778333333333,2.0322396666666664,1.5839983333333332,-0.1947859806797886,-0.2795867749759232,0.055557398511978,-0.099200800760478,0.1180151379756502,0.1296218339247198,0.6808367389833814,-0.6782108330148239,0.0317518075010769,0.0378424204416156,-1.0375801155645663,-0.4263202830569215,-0.9060363694675212,-0.9268236445465377,-1.2114319803358422,-1.0899666465544957,187.3884205032534,2.0618777182230925,15.250514703526884,22.16501567171601,5.1331673234182205,5.255345839015362,0.1601955485413492,0.1882444023442273,moderate
275.468416,0.6454553000000001,-4.79605259,5.005260933333333,2.1330426666666664,2.3948346666666667,2.0962306666666666,1.6049726666666666,-0.2848287432748536,-0.8663169221571504,0.2939373268514587,-0.2008428411750783,0.0131995947651382,0.0193147734049703,-0.0449968904114061,-0.4973513778740311,0.2800429918916038,1.1867566056735233,-0.9829323396327908,-0.3925346217697947,-0.6240705872260146,-0.6547692174314408,-1.2772915702704772,-1.2651946322985597,186.34481546237976,2.0953616284743117,15.580229430236807,23.032760188981687,5.527297912194232,5.654969714262755,0.1453063995794797,0.1699960060111847,moderate
283.7939226666666,0.8341577333333333,-6.34849863,6.600768799999999,1.8473896666666665,2.1056496666666664,2.088097,1.5677366666666663,-0.0202946376478572,-0.49665433769362,0.3062947477851951,-0.1751093495151206,-0.0325242735283319,-0.0316923596966085,-0.5390100792137229,-0.0767394219117621,0.1180270648128414,0.2160911858899914,-1.0437856132569938,-0.6363619453840434,-0.3112852308890956,-0.3488459650273876,-1.275626993541804,-1.3161108417577267,188.5011676539409,2.076172926108649,16.080948954817973,24.803458446194156,5.242614567676188,5.3607266656033605,0.1115938965632404,0.1651573790512324,moderate
244.22276666666667,1.3779692,-6.303928153333333,6.227347833333333,1.9894256666666663,2.2471346666666667,1.9069006666666664,1.587751333333333,-0.1105135436997779,-0.6461817185039321,0.1516171952458802,-0.2496455476889681,-0.098628175622443,-0.1030624862790051,1.2997192692283526,0.3602574195656038,0.7741084905734157,0.4278114616302249,-1.4257190479772888,-1.214091699271498,-0.3542526215248536,-0.4170160846805109,0.4100874477807696,-1.184864028665764,192.30514193276275,2.136145430035504,22.990591878019213,32.72226849060628,4.068069244177878,4.169016316938713,0.1528786978415719,0.1487707055875774,moderate
197.473732,1.6597415666666666,-4.210063890000001,10.436417733333334,2.090793,2.3513426666666666,1.8332196666666665,1.6704153333333334,-0.2298325050345286,-0.1675470351086666,-0.1377719268139335,-0.0551322745004945,-0.1537612738473448,-0.1750441231588216,-0.0444963054054239,-1.3744943616184109,0.88146781912763,-0.1718663029244336,-0.8956445700895719,-1.1078762650133185,-0.4206703898303345,-0.4859326851636152,-1.6877365281658725,0.8466691961580048,192.14740573679708,2.1650181536309847,28.98866150946303,35.418836736925044,3.6133705209943487,3.703611516849288,0.1121592694294683,0.0914251805778978,moderate
283.0764753333333,0.5969927666666667,-4.242520376666667,5.015169066666667,2.179364333333333,2.440215333333333,2.2306480000000004,0.3890473333333332,-0.1080285321873568,-0.6496900696874733,0.1862301310674643,-0.0536166803179811,-0.1715390176195943,-0.207707959218848,-0.5133479234147841,0.8923625973007107,0.1638280204565858,0.1271409734685264,-1.1630609969257617,-0.5138327187779907,-0.2511759914739899,-0.3105275938246699,-1.097344957116955,-0.3659554392279918,185.621201759522,2.2489272040449992,17.23898784814063,24.093117351436632,3.328080939424263,3.408499353151325,0.2820162883931769,0.4763329370471267,moderate
270.73144533333334,0.7561051,-4.10839749,3.326079033333334,2.053431666666666,2.3075246666666667,2.069391333333333,1.432087,-0.0439241046174399,-0.3509219286098092,0.1769609117665998,-0.1360636271241107,-0.1555910857186325,-0.2081613795894449,0.3372077019675347,-1.605099132061348,0.4037494898070521,0.1018553986295751,-1.0244647386694434,-0.4025121451101059,-0.1584596241796863,-0.2125139019053841,-1.412524429545164,1.4167920596279395,188.80832463089428,2.070879109034076,16.262560507431868,24.231797458585994,3.1208839048667087,3.192326167806756,0.1686043505219799,0.6184743788727821,moderate
274.2243026666667,0.8320127666666667,-5.695615986666667,6.605319833333333,2.03769,2.294916333333333,2.105071333333333,1.6346023333333335,-0.3391767342273184,-0.2512216389178276,0.321784693279338,-0.3077834130429254,-0.2812254483632151,-0.3457572241423817,0.975195152726946,0.5865479046984877,0.2713452076884799,0.2514314067412795,-1.0549345397417402,-0.3623234158720736,0.1019566601223767,0.060426231159298,-0.6427531599427039,-1.0314054248465627,190.187538724518,2.1229238095050005,16.299693031438895,24.7907539230156,2.954892405258696,3.025078689470991,0.1722174789184855,0.2504289772972021,moderate
276.808186,0.7282261666666666,-7.96141849,2.0038689000000005,2.137011333333333,2.3985730000000003,2.3980466666666667,1.546822,-0.1953535841671033,-0.6436090754814882,0.4262255142959167,0.0484833787303744,-0.1347545363807626,-0.2048520563190074,-0.6470897654121679,-0.771850736892457,0.0309790558210729,0.5571758069258128,-0.929935493001413,-0.7641895595446071,-0.0194325336264067,-0.0620855523582282,-0.3919651986973789,-0.7223877241707508,176.07008133143006,2.110267425853978,15.487784820856534,26.3775576008544,3.017866500258557,3.0863403477221354,0.2767773751716564,0.6293999289411865,moderate
286.9523113333333,0.8749020333333332,-7.261686329999999,0.6226630333333331,2.061554333333333,2.231672666666667,2.101996,0.6494746666666666,-0.0707597989127033,-0.4051969551645951,0.3558339364866981,-0.0920696946470908,-0.562781033090265,-0.6345965675702734,-0.2978912695316671,0.9166519284074582,-0.1213175884188833,0.3262837357336705,-0.8566506207797255,-0.6896951071693493,0.2525677086106319,0.2435284994859512,-0.9737239338006334,-0.1980411251042189,180.34748755008584,2.10625784431965,15.663493601360114,25.73768905602278,2.9838685662660125,3.058830307971131,0.1610038666230055,0.113117309213494,moderate
271.16183733333327,0.9718240333333332,-9.094124763333332,2.9416525,1.967947,2.2028046666666667,2.0199709999999995,0.632576,-0.3225178922967666,-0.3356830821054116,0.4164640496536123,0.0211311145113789,-0.2432751931245219,-0.3039951692523905,1.3806386778773447,0.2200807117315961,0.46788761920961,0.765211312573292,-0.8001962131800093,-0.8141006020469668,0.1049307340804914,0.0451990931238635,1.9679569667478591,-1.5701448526330626,185.42390542623625,2.0619763701744804,14.441921276627092,26.943721568440647,3.0262714178461545,3.1000126412265003,0.0958980331822683,0.1757391899956707,moderate
274.559374,1.0837607666666669,-9.433026276666666,-6.105954666666666,2.123178,2.378548666666666,2.0258526666666663,0.5968796666666666,-0.3322357662564031,-0.4448637475897388,0.4635525811192025,0.1664297859989189,-0.3040374138346142,-0.3563579015344336,0.8418935354340575,0.7479864910351475,-0.2714020599032323,0.1035272020345283,-1.1329477880569885,-0.983164713596111,0.0677198343369362,0.0292169920385321,-0.2861761963206772,-1.069725106263544,179.90571793953984,2.228031374608208,17.40802208417305,31.193392439913374,3.2455377818414832,3.3241709057850475,0.1494664267832078,0.1670824460132625,moderate
180.966118,1.6824665666666665,-6.057582576666667,8.071768166666665,1.9426216666666665,2.1986666666666665,2.0261066666666667,0.6775303333333333,-0.0587399634448786,-0.6025598176754513,0.1613795947127629,-0.039361130006682,-0.2296342737013104,-0.2640809845410111,-0.1521616553851352,0.5359811704979544,0.2706985008766005,0.6977084546033949,-1.078891823041984,-1.239953421913888,-0.009064406496146,-0.0739265090158465,-0.7785104182875044,-1.2795906290091577,193.04138155708452,2.040700027224873,30.82349205342932,37.11537625444093,3.4026077107233705,3.4895123315149457,0.1382062457952303,0.1713586509948988,moderate
265.563382,0.5922714666666667,-5.195773966666667,4.155751,2.216171,2.4796893333333334,2.1810936666666665,0.8435520000000002,0.0671755148127232,-0.5548917925140728,0.1506734098144679,0.1796375871692681,-0.0935616466165417,-0.1204128753947946,-0.4616689295672729,-1.9205105589920808,-0.246344738444924,0.2700953952901259,-0.7764639984246351,-0.4350674125575575,-0.2784954993582245,-0.3360478576572863,-1.1320944022041382,2.198970920632868,176.58426613481956,2.1399500449068523,15.581815053978383,22.79229386650164,3.8192776843656326,3.9131275687165785,0.1566581101362467,0.0930982152798554,moderate
258.8168,0.5343754333333334,-4.318874066666667,3.3618218,1.9217643333333332,2.1762296666666665,2.281835,0.1951586666666665,-0.2804860991602589,-0.7293663654072212,0.147627788070745,0.0399850763598254,-0.0687727217903477,-0.0754563763083988,0.606380100368639,-1.0943968388835497,-0.4397198037792624,1.2210058778964528,-0.9387202861010272,-0.3453086017022362,-0.4685433835316877,-0.5173625565936977,-1.19774658595516,-0.786513035248027,196.9784701110047,2.219787844716242,15.984073164842927,22.762653783113624,4.367625289229639,4.476063373564667,0.1728757454151471,1.3551445476559667,moderate
279.4399113333333,0.5056402333333333,-1.5830544566666669,4.7875462,1.6718893333333331,1.9112943333333328,2.019038333333333,-1.5970286666666669,-0.2922993349770457,-0.6137633300109381,0.0423503170597007,0.1860381672366335,-0.0454545492775034,-0.0379570800238989,-0.4044902539195782,0.7543011977078528,0.0805489279552378,0.5479367695944797,-0.8813021953620979,-0.2326990912057982,-0.4106630559897448,-0.4556705104067386,-1.061884041492204,-0.1790501576909808,202.84739132305023,2.07721553298042,15.657893840576325,20.24417216557717,4.391749865793651,4.494936925997614,0.099267604761435,0.1728365773008299,moderate
282.31085666666667,0.6548894666666666,-2.37309639,6.940991366666667,1.906912333333333,2.1510366666666663,2.095108,-1.700840333333333,-0.1496291848987829,-0.4647229828280454,0.0764488626916871,0.0306309842479502,0.0386175961075537,0.0520557411616225,-1.0551121152110363,1.123807371040515,0.1187283972315125,0.1424265065208612,-0.9095128888670224,-0.2986409044592499,-0.7817286274529263,-0.79929205847673,0.6432009604800415,-0.3078267952423279,176.13819316666687,2.0164239355411167,16.643294802365027,21.80708794336818,4.5207195768287045,4.6137316363688,0.0926216777359493,0.1600339498050008,moderate
246.85438466666668,0.8654676333333335,-3.009354876666667,11.8606104,1.7094519999999995,1.9602043333333328,2.069675666666666,-1.592896333333333,-0.1634271341245974,-0.5844374780905622,0.0627248532993029,0.0644091510337495,0.0447713509732843,0.0585354510135501,-0.532540910349617,0.2042928488331207,0.2084309470565446,0.5703086148527308,-1.2836032858964364,-1.0735543354323096,-1.2580720231333404,-1.263399880039807,-1.052268426744452,-1.0941888432949292,190.26662108767133,2.061784368094571,18.80309931644752,23.31993882746345,4.452828103955273,4.5329131547283055,0.1160518041452758,0.158863545346383,moderate
191.63618,1.5572396333333332,-3.4396950666666664,12.789667433333332,1.6749976666666668,1.921541,2.0126376666666665,-1.6191116666666667,-0.2622250477580143,-0.4548686489373546,0.1311974266215548,-0.2910476345590547,-0.0994712719650545,-0.1150153440636375,-0.4471431469472809,-0.2988725511457997,0.2784607106816983,0.1141328765920532,-1.2086855020278902,-1.2845369781064198,-1.597055905731809,-1.569292759169655,-1.529916314693195,-0.8137326315653208,205.0913833389197,2.142793060717342,27.64998434816207,36.84727375197041,3.7320287761907207,3.785723550598687,0.1107197130781261,0.1212214437519474,moderate
298.6754,0.6244367333333333,0.6547603333333334,-0.4479808666666667,2.012907,2.2836666666666665,2.0581406666666666,-1.637176,-0.0162708093942603,-0.3831812076544467,-0.1655143859937039,-0.3119356278818669,-0.5788705511219466,-0.6816773400356486,-0.4683528914030728,1.374888606298826,0.0013361381712022,0.0106396117736027,-1.0620217103973024,-0.1709129365363035,-0.8348403331668668,-0.6698604841746234,-0.686179835104352,0.618960680468239,174.38472777196003,1.9096640847450663,16.340772274783582,20.759148745464035,2.8390436957784684,2.859094607646589,0.1057554635616177,0.1020210445730975,moderate
299.5368233333334,0.4859110666666667,-1.4002025800000002,-1.9448663666666668,1.496727666666667,1.7539323333333334,2.041365,-1.6394716666666669,-0.2068450816637393,-0.2759773552988973,-0.06054863997163,-0.2968837219643187,-0.3030555249087883,-0.3624147629017754,-0.1704991649046522,2.2224793285752686,-0.0240423258357291,-0.2158287639378695,-1.0939748817917,-0.3831591717639657,0.145676151909587,0.1061249884764632,-1.7169286040728484,3.618110357212722,170.82278001239217,2.208100953385814,16.314269452752747,21.63626107263843,3.223096727847007,3.3016344753800277,0.1436412991368629,0.0937648465687564,moderate
300.4457533333333,0.6248673666666666,-2.07911729,2.7627731,1.6717493333333335,1.9265476666666663,2.285156666666667,-1.6923619999999997,-0.1607089622991514,-0.367810169218819,0.0300022370035761,-0.1667579581965678,-0.0501618053503845,-0.0546902768939038,1.4835861953200251,0.8071693545574239,-0.3546951374402196,0.1053428838732792,-1.0891964638342104,-0.2775311242155465,-0.4292771225420049,-0.4678604354824309,1.7401356774434338,0.7201174557673178,177.98651507278618,2.1712959783770738,16.06934004081372,22.6673604421688,4.351923115602259,4.45161547993894,0.1174508908498653,0.1690631868854548,moderate
284.08128733333336,0.5888414333333334,-3.728689623333333,3.503786133333333,1.4942556666666666,1.7421396666666666,2.162039666666667,-1.1511076666666669,-0.3853073619557051,-0.4588766471472599,0.1282415597058517,-0.1605627095045841,0.0932709854541436,0.1026334540848336,0.862588917090532,-0.6522109443659148,0.2184794984294225,0.2824468760658969,-1.076723310262592,-0.4275943153756807,-1.185273183022626,-1.1914779950480625,-0.9118305278272456,-0.7522654153203137,183.89808896724253,2.055161159207389,15.72818262143061,23.360021375341056,4.868486479039441,4.960358485304835,0.2606755321020325,0.5115960066510422,moderate
314.130552,0.4794787666666667,-4.04190559,3.501893833333333,1.7536973333333332,2.027253333333333,2.060235,-0.6915186666666667,-0.294841787630647,-0.5691277009399976,-0.0503117811123637,-0.1001762652780942,-0.1956855669319214,-0.229138276252068,-1.304816680932362,-0.6805336911723774,0.036401059256383,0.5691801195872812,-0.8077111563723247,-0.028225086900858,-1.391440460311938,-1.3418565095844843,-0.018523175321885,-1.3329385952774624,191.08273836708585,2.09050271772946,14.034666424331244,21.635350339423585,3.4964878164947,3.5377245794562904,0.0741279812239241,0.1542783055718548,moderate
321.88229066666673,0.1149386333333333,-2.253329053333333,2.7094956000000003,1.857346,2.120652333333333,2.0587059999999995,-0.682918,-0.0120547020588502,-0.4244172241371319,-0.772179764004621,0.7992135881012411,-0.383038420333795,-0.448011324082865,-0.8181334305192786,-0.1555139990780712,0.0493302260257157,0.1252827454040725,1.5754551443247429,3.465748436094064,0.1987267955925107,0.1998957083097363,-0.8657203064522503,-1.7489740445815471,178.37283026514035,1.90947343787118,7.686406479221953,10.837959492902218,3.262631599162991,3.333710246585404,0.0927735241683858,0.2131968418792618,moderate
267.57325066666664,0.6969160666666666,-2.2831448633333338,4.091831633333333,2.045172,2.309623333333333,2.1036666666666664,-0.77576,-0.0942914940247241,-0.4205871787326748,-0.0602424102436626,-0.1363211285068188,-0.0021201152426605,-0.0006047651807366,0.4784836298773182,0.7850631444314963,-0.085218129548652,0.3017897115932255,-0.2973367727807505,0.1172589245445498,-0.6278402427665317,-0.6605887364532812,-0.7989074510274614,-1.1175828426032337,197.20453592838575,2.2377472328792467,18.736413994532366,25.21144705415063,4.713360860548998,4.823095916190984,0.0257177077229672,0.2010378127131019,moderate
246.47133133333327,0.7749716666666667,-2.543872756666666,3.2392926333333336,1.8601033333333328,2.1228193333333336,2.079507,-0.6954510000000002,0.0489264415981273,-0.5777411974465279,0.08011504060652,0.26259555496428,-0.0038183320716803,0.0032071872809069,-0.9948686414239092,-0.103719560791494,-0.1021261239997612,0.5170676191112582,-0.2939406228886221,-0.4034543111851718,-1.271175873912364,-1.2741693705612196,-0.180796616910527,-0.9614958209366024,184.62842539540335,2.295488699604785,21.66213890571156,29.19379326506328,4.666766683144256,4.751732130725256,0.0873711445922385,0.1627434253890395,moderate
283.315652,0.6716151,-3.8522515533333337,1.3119390999999996,1.9636036666666667,2.2191633333333334,2.2435376666666667,-0.9100453333333334,-0.1875131320766351,-0.5122878508934589,0.1786605405622084,-0.0858228245034403,-0.3079883223014402,-0.3690496220842906,0.4201833900130724,-0.2906018156311997,0.302619241426949,0.3078327033501264,-1.1797997041730766,-0.6308043166098796,-1.2811102356140949,-1.2006034546543485,-1.2771655860618316,-1.7244429529907137,196.2169603233888,2.1490321245992394,16.384167818451402,23.43997965379464,3.3045292465479648,3.3393588498316134,0.1709565162530718,0.088161842728396,moderate
287.67006000000003,0.6042851333333333,-3.842063913333333,3.0501319333333337,2.051029,2.3094113333333337,2.049166333333333,1.10838,-0.133567088391392,-0.5465603100515027,0.0529742071028144,-0.1916604319995457,-0.1711029262324368,-0.2161096068105078,1.0969776886516447,-1.558602745893694,-0.067838312946109,0.3512195623065164,-1.0910341834226718,-0.3879896149871578,0.1994332149060032,0.1764443355567473,-0.010887032702266,0.6918857992973417,178.78039121079473,1.9491728568034477,16.318224815441003,23.065692935808126,3.613913501739148,3.690209418408472,0.2510737160067809,0.9312589241519832,moderate
286.9042113333333,0.8242946000000001,-4.8727193333333325,2.9972598,1.861141333333333,2.118951666666667,2.061819,1.464721333333333,-0.166423000615924,-0.4132816504811416,0.1927231278409978,-0.2217895722471738,0.0165122669376325,0.0180237619912865,-0.3759202567133326,-0.3173174525374489,-0.3204441396155006,0.2022206205646761,-1.3882757045567502,-0.851784928446865,-0.6730468186907825,-0.7025587282989654,-0.7590286195494786,-1.6770934629553338,189.779663848575,2.020263010271785,18.55284912079297,27.11087727046016,4.994624512221632,5.106409258014056,0.1298434921247775,0.165604263386327,moderate
220.58530066666668,1.4337222,-2.3190630000000003,11.632285266666669,1.943718666666667,2.203577666666667,2.1385676666666664,1.5976330000000003,-0.092674731966833,-0.4431773010826015,0.0132091666914745,-0.294409484125362,0.0096156168172014,0.0157924697554783,-1.1726953214150748,0.9660243658759718,0.2104085950527814,0.2518582874663191,-1.257200265492006,-1.0368062441805126,-1.2181408515974694,-1.2196082860947512,0.9278154531564592,-0.4459825837067428,196.52614286661057,2.340061812854615,25.72358961134912,33.272125074863055,4.778499690127301,4.870123087523214,0.106261072078882,0.0511574840230821,moderate
185.511788,1.7553775333333332,-5.443647246666666,14.511519133333332,2.019465666666667,2.2810693333333334,2.047409666666667,1.6822943333333331,-0.025217703307723,-0.353892853063325,0.0134378696418057,-0.1639412855817498,-0.2668069735307969,-0.3134626356804824,-0.9225600467647784,-1.4647955649625404,-0.1826814838258132,-0.0868517855921919,-0.6652923411642151,-1.094101788361133,-1.4119173363530146,-1.3490280015049327,0.2923812044367522,1.8709561151411795,180.53866429256516,2.417178975493224,27.91461245963793,35.443153590712214,3.5675201720777734,3.6090761869862384,0.09177793728595,0.1322000156898005,moderate
291.78520133333336,0.8594629999999999,-3.5942150666666675,7.799648899999999,2.004638,2.2588413333333333,1.793963666666666,1.4472676666666666,-0.1338098473006165,-0.5238216670639882,0.246235897847905,-0.3644244053267752,0.0449434488135513,-0.002159984005794,0.1577765685421832,1.7673052595872176,0.6368931955584345,0.3579390490675229,-1.1430894449501363,-0.432990403235904,5.434850842056795,5.346170792635775,-1.4741117796182424,2.29507116115602,183.99049217203105,2.0074120664142723,17.187120436455583,23.516101127342896,4.367967297557423,4.432620273237257,0.0914415856810333,0.1396531385908787,moderate
258.6732773333333,0.6977746000000001,-4.238019633333334,8.614518033333333,1.7022493333333335,1.9507826666666663,1.9491493333333336,1.267796,0.0489765156337742,-0.4114809203331859,0.2677080279875478,-0.2570140790924503,0.0133051443977146,0.0105998066615787,2.202715018932666,-0.9655762654137556,-0.1943100528898154,-0.1802128277687367,-1.0287833391414192,-0.3675139998335961,-0.2361008902211669,-0.2503842373344911,4.609920342147854,-0.8597943630470963,188.26325634557057,2.163535199418902,16.46744163665227,22.68419519656584,5.857164569352177,5.972878520885083,0.1972232606668114,0.575664003971845,moderate
257.2378673333333,0.6338760333333333,-4.74426439,7.412955666666665,1.8982553333333327,2.145109333333333,2.2566943333333334,1.7323216666666663,-0.2526355906113209,-0.5672139144240448,0.1962030596337662,-0.290787468362829,0.0244571617201933,0.0341013727186868,0.405426409447318,-0.1629487718570406,0.5274112884683793,0.1995873372690169,-1.0393425484415784,-0.3314256522839747,-1.0999834068901928,-1.107724098973146,-1.4946729215560477,1.114192264800582,198.53341632947516,2.1998639515330902,15.935728794764811,22.72243661672161,6.710110093998719,6.82373211175695,0.188697261389973,0.6663948451652105,moderate
278.14797066666665,0.7578178,-5.072981643333334,7.672146633333335,1.951010666666667,2.2057916666666664,2.044291333333333,1.602047666666667,-0.1870198854791073,-0.5957618207850202,0.3571091068302864,-0.2953036044379827,-0.0940989213298132,-0.103671772358234,-0.6727284507319852,0.5162889822552693,0.1315657369283158,0.5698212299819927,-1.2018788000886482,-0.7065859669529528,-1.4681323042156624,-1.461043263702363,-0.9590263376829348,-0.8281158264014641,200.4359188296011,2.088011859142461,17.396340721181716,24.16992464933475,5.531612673919525,5.589844128569499,0.1240552794769705,0.2271222592129376,moderate
271.06638266666664,0.8830495,-8.196801556666665,5.450951466666666,2.0483636666666665,2.310845,2.185903333333333,1.6203443333333332,-0.1157741233494029,-0.5635597814666938,0.5895681498205994,-0.2335108937208151,-0.2387519884073189,-0.302092144911386,1.1669435162550532,-0.3729632982175039,-0.0570790389922191,0.074675267545806,-0.9225073613392434,-0.9472932665197034,-0.6778719755845928,-0.5883221468219464,2.132371596885083,-1.1630704302534856,186.3571747805202,2.0758821642449226,16.453485135255097,26.582942259127023,4.139083704140264,4.163395963003943,0.0901086671480953,0.1951103894760447,moderate
270.7788566666667,0.7561051333333333,-7.637635076666667,3.550994166666666,1.9084916666666667,2.163918333333333,2.318795333333333,1.3151256666666669,-0.074390359772294,-0.3631517996908945,0.5157158788014117,-0.1707852218592474,-0.0636314545955149,-0.0825708145347543,-0.0207411323324356,-0.0278140906805864,0.3004219437544577,0.2783685219890928,-0.8949844189790244,-0.9404194563383328,0.0175755098498116,-0.0037854786732731,-1.5356674349984205,-1.9093277369194013,174.84124796799642,2.1292437295138136,16.253669428992364,26.849848901081582,4.744146724992607,4.839479908735449,0.4403317905824508,0.7508650212310131,moderate
277.1908606666667,0.6077131333333333,-6.515497813333334,2.158789133333333,2.2854806666666665,2.5487626666666667,2.0672740000000003,0.6821853333333333,-0.1454156348179521,-0.5374737737218618,0.3335592131195922,-0.1368783528733664,-0.0265738505155752,-0.0182376803635144,-0.275689444372111,-1.2670848715073264,0.0256255131929763,0.7592874045197724,-0.9546512960965784,-0.7439252959154601,-0.6535702520226079,-0.6733033446419681,-1.2959177051610462,0.8461502643378269,200.82010631714084,2.116122083031876,15.987134620217548,25.387613991933485,5.62685402370096,5.739201201163015,0.2392620769411805,0.1223277703394024,moderate
284.89480133333336,0.8054206666666666,-6.366643776666667,6.840543833333332,1.901198,2.1596586666666666,2.0950456666666666,0.6199479999999999,-0.1061032367113112,-0.5376486234731185,0.4199808350528466,-0.2761737845464412,0.0226604067622947,0.0291673123944092,-0.7945720299483784,-0.487163907917422,-0.0768868521537586,0.6069806546804859,-1.060981412589118,-0.7462018887593098,-1.294383227006627,-1.3028657798628116,5.801569437258147,-1.4184124620662313,188.9556864061449,2.176326447201073,16.434814474383707,25.335238651957948,5.226461535859169,5.315724599552336,0.1055558433631977,0.1516848284655459,moderate
260.539162,0.9851206666666666,-4.384602676666667,4.8073682,2.006737333333333,2.2652883333333333,2.09097,0.627348,-0.0782843534094761,-0.6291243398652775,0.2242841582356913,-0.2857558724248042,-0.2288582993076481,-0.257115369649297,-0.3582448459492962,-0.3026467183950506,-0.317722200314928,0.4247184385930715,-1.434394749377503,-0.9679817822416386,-1.5009434234504324,-1.473860713094933,-0.8062334457960256,-1.3166587671375845,182.02312700523495,2.1580804830439497,19.17007133324752,27.76217981499819,4.206107532480459,4.244020964027815,0.2068226337697711,0.1589045176042838,moderate
214.74757866666667,1.5795405333333334,-1.3654114233333332,11.326300666666668,1.9732483333333333,2.230231666666667,2.119289,0.5863663333333333,0.1318575783725502,-0.3848605429637448,-0.1675749801001835,-0.2570813616219485,-0.3184222256264502,-0.3998896369101801,-0.2093173291208812,0.1882861505523656,-0.1364248098029636,-0.0745451018130656,-1.2601870269483195,-1.1239113048338965,-0.2543150472074607,-0.1776195580223523,0.9799097260695118,-1.5776698129069175,192.91598476248552,2.147133803654312,29.10722264217993,33.655652800557775,3.401886650233074,3.440863949965346,0.1546578473431465,0.180443444015522,moderate
228.9109753333333,1.3029171,-1.1115388766666665,11.625067499999998,1.946899666666667,2.201909666666667,2.048454,0.5475726666666666,-0.1152144278004458,-0.3540731126494346,-0.0982592322586386,0.0497435451331161,-0.0746662400194298,-0.0967991359804422,-1.4141555941285462,0.0862172575387777,-0.1378477711462156,0.2160720977845458,-0.1699261482362932,-0.5137164741920235,0.2128494876099651,0.1795366728484593,1.3083597319342384,-1.5712948247401044,188.08601575929652,2.178988459644859,23.993017033457704,29.2111589893393,4.442956750610176,4.536179996414692,0.1372745159394904,0.1547297862146425,moderate
293.7466113333333,0.6840531666666666,-2.61453003,3.7679414333333336,1.6977153333333332,1.9434053333333332,2.317598333333334,0.8935413333333334,-0.0211112494435982,-0.4067992365959275,0.0319558452630131,-0.1270506745056249,0.0258475936838452,0.0338783053750921,-0.9024826195729742,-0.7434374478201095,-0.1551035345236577,0.1029897658857006,-1.1511446081277568,-0.2779573232903356,-0.5561187419382931,-0.5780461813091562,-0.2969328038269103,-0.0373475129109723,180.61759814538385,2.160151874959864,17.379112635101126,23.493953871341365,5.484344903306713,5.5974105216726775,0.1320439149759001,0.1418639058540594,moderate
304.4650946666667,0.7878394666666666,-4.106518266666667,5.635159066666667,2.038333666666667,2.297153666666667,2.325259333333333,-0.8844229999999998,0.2099261276593981,-0.7148909414772314,0.2267381706447829,-0.1499976829536601,0.0129885620981611,0.0236610458638595,0.7461680774927065,0.83812664416617,0.4242987814300312,0.952797313205366,-1.0689344191118986,-0.4263213994801611,-1.1008285941618308,-1.112078485924147,-1.2762912810953255,-1.2761051927015588,187.49092350412187,2.0276502875468965,16.9713586425662,24.35149056614804,5.623299915967161,5.720488534428534,0.3883913768588112,1.2619897943755434,moderate
264.31919933333336,0.7591058,-4.761260976666668,8.560440666666667,2.086997666666666,2.351486,2.1318056666666667,-1.6201496666666666,-0.0650670304380456,-0.6479068189160863,0.2932018757206671,-0.2573369506797234,-0.0779981553615942,-0.0809319925259606,-0.5429936490190307,0.0147200143697089,-0.2022567560523476,0.3731465590309368,-1.1353763019372842,-0.226521000649253,-1.50344342947156,-1.496940290542872,-1.0564650006451053,-1.0890402264938888,184.2314529750601,2.066544264458158,17.682200124116086,23.372750778809657,4.92202914455961,4.980495841892421,0.1037345467456106,0.1846484858072909,moderate
291.54599799999994,0.8946302333333334,-4.756742046666667,6.588569366666667,1.977588333333333,2.238421,2.0865206666666665,-1.5955786666666665,0.021213338259984,-0.6560352592824463,0.252109722837482,-0.0402331182715511,-0.2945526251591596,-0.339248514168192,0.220148535766309,0.2654952683364831,-0.2440469473093123,1.0314425553725912,-1.0524930083824915,-0.3732884132839529,-1.473905166146622,-1.4304516276597834,-1.2986992158148598,-1.496754344053377,181.0361704258337,2.0297654723674348,17.176777484010124,23.186229533847992,3.954302385159082,3.9793992519323735,0.1107736049097643,0.1729921699029023,moderate
311.83386133333335,0.5939891333333334,-5.387702976666666,-0.8582606000000003,1.998269,2.266306,2.088963333333333,-1.5170066666666666,-0.0689362565171127,-0.5441132531883845,0.2887074965160361,0.1775229871070273,-0.3492812576994148,-0.4378383318637953,0.3803315428581693,-1.5696372828957124,-0.0212214701632107,0.6657099643889146,-0.8230965971071291,-0.2294897436684291,-0.3645754351061852,-0.2727160673033588,-0.9474120665478604,1.0455012427502948,177.3359727208657,2.069946877030506,14.974304125597277,22.279404212090007,3.372779593901117,3.403898601043312,0.0953682178653784,0.1553684575912041,moderate
295.5650626666666,1.0451640999999998,-9.07221581,-2.2261115666666678,2.083344,2.3474896666666667,2.0307356666666663,-1.6211806666666668,-0.1721173698690885,-0.539648489680548,0.4826518640018705,0.2904066985212074,-0.1724172692654778,-0.2173975402138537,0.7040476627729916,-0.3508945085652488,-0.2036131338737377,0.388221095169563,-0.8837507666311919,-0.7108553384948921,0.4996945720587176,0.4909626339832211,-0.8996141040300345,-1.741429368870984,188.836387656354,2.1833456477710973,15.142925119079134,26.646346781663123,3.92035383733369,3.993844625541884,0.0881472048733186,0.1641747772482238,moderate
303.12522866666666,0.7115016666666666,-6.748232533333333,-2.6999574,2.106324,2.367923666666667,2.095248333333333,-1.6115206666666666,-0.0400766188590159,-0.4888569173025782,0.1656667824786939,0.275116381254296,-0.0387467217625376,-0.051913914690846,0.0870666136664305,-0.104628703882534,0.5542905869035248,0.1597999132815175,-0.9451213119949298,-0.1237828835085248,0.0130179551652198,-0.0278618388435369,-1.6959131000688934,-1.088343106497077,177.539548170946,2.0797679815627674,15.603114303324572,23.46369457640776,4.860079131554744,4.971931972268201,0.11766114331436,0.0745863148804594,moderate
299.1535246666666,0.8079991666666666,-4.987572666666667,1.0306635666666666,1.8818786666666665,2.1508256666666665,2.1567556666666663,-1.6560306666666669,-0.2887646977642465,-0.5124741223836937,0.2701015623819319,-0.0727019149943374,0.0609456578722704,0.0646284533011557,-0.54145367633492,-0.2335271344615166,0.329788707268714,0.3441647491884105,-0.9940600070932146,-0.5833484853185817,-0.331620443834915,-0.3631911263353942,-0.0648423354827119,-1.5254516200099566,187.8460994529962,2.199639599193188,17.795418882439154,26.748385244313734,5.520776852048263,5.651394682503838,0.0668566564344007,0.2021053341201603,moderate
240.05974933333337,1.2235736333333334,-3.1521761,4.142072100000002,1.736031,2.002742,2.166662,-1.586779,-0.0403843519894414,-0.4531942116153246,0.2828065531971453,0.1912717281371346,0.063978354177179,0.0738166285357648,0.3548107710808348,-0.7323302824036952,0.0417205423212951,0.6632348252346194,-0.6142185987012758,-0.7146554836106995,-0.5561366378018482,-0.581585440537594,-0.9125844129919763,-1.0139332773717111,186.69539345633797,2.3110199070238813,26.185279046581705,33.580678259192254,5.548312638709347,5.681304727624612,0.1292662794105335,0.2792364285016214,moderate
254.701554,0.7076414666666667,-4.465081776666666,6.635003333333334,1.8737103333333331,2.134356,2.400611333333334,-1.4792496666666668,-0.0133744130719915,-0.4976932475514105,0.1127098992673,0.1659512980149418,0.0601716116942774,0.0706525154994106,-0.4610378837013719,0.7266765355470468,-0.3322285388785078,0.1934961169516991,-0.8430103714312773,-0.4379411276845042,-0.8499222857050106,-0.8704602584374137,-1.152090692224349,-1.1809226313470766,195.18336203480848,2.0370843338016016,15.989824517346102,22.2214298124826,5.577950115580055,5.703803786754062,0.2078522611852505,0.8033666519662909,moderate
274.0328613333333,0.6218661333333333,-3.1952246766666668,5.685755933333334,1.7033076666666669,1.958342,2.084594333333333,-0.413478,-0.1607598026235472,-0.5238069697706172,0.1198687556811698,0.0065278224859133,0.1137170152625698,0.1255159631809199,-0.2258173386158296,0.3715505226231284,0.14109942891637,0.3062472203318647,-1.0406032379327357,-0.1297701991293092,-1.1209681632489563,-1.131437430823739,-1.213266093495219,-1.5597359309821146,191.90620386730484,2.1142551070167013,17.004616923428742,21.26969794381094,5.724848832165356,5.840669820623987,0.0595267686718948,0.1817387024528093,moderate
272.64533399999993,0.6797663333333334,-5.247529813333332,4.812312033333333,1.9947766666666664,2.2545646666666666,2.027080333333333,-0.4935483333333333,-0.253900202912575,-0.5612579505364651,0.2253685149263521,0.0686855879420445,-0.0151301322013789,-0.0069528915586369,0.2282689398722259,0.6924109006963571,0.0369477795246488,0.6775579471313433,-0.7919792831685872,-0.3698593161678345,-1.2848935911987978,-1.29601878398783,-1.5924496246119575,-0.5544962585415574,200.1233404905872,2.015606832238978,16.174708907564007,23.200664571143992,5.62304095757424,5.7273525479328224,0.0574524789515749,0.1618490498799597,moderate
280.73143066666665,0.7663958333333334,-5.189721323333333,5.5818654,1.839182,2.100538333333333,2.046061333333333,-0.3720663333333333,-0.1093434076278276,-0.3340702109681476,0.3212326828739316,-0.0734368899246906,0.0154015703664205,0.0204776868263224,0.2159175202365729,-0.3376921357098934,0.6152080253427727,0.2615135153820191,-0.8066505399071398,-0.466464037638767,-1.3447156399902769,-1.354700119056578,-1.801467617706283,-1.7264988081904018,193.7459598191664,2.134828865964708,16.347387944759543,23.632838760311785,5.400315286640811,5.498651872834466,0.0634514375037571,0.2087884705901969,moderate
272.645048,0.6081433666666666,-4.052885223333334,6.144805533333333,1.9121043333333332,2.1769613333333333,2.052785333333333,-0.4953296666666667,0.2160563685943717,-0.6331472177136566,0.0610049078235383,0.3451279071093646,-0.051940317904437,-0.04820572462229,-0.0118380528388241,1.1054011145737557,-0.1743033946752992,0.7296728808056958,-0.795450294289985,-0.5146315366164087,-1.399570581638888,-1.4096478990495611,-1.9178708280968093,-0.398832394381905,182.1531826672764,2.169392803631736,15.665081708644204,21.759609440342125,5.367659338369987,5.454650617197267,0.074264114577199,0.1671054583206587,moderate
269.247836,0.8676090666666668,-5.956724133333334,4.936373700000001,1.9214403333333328,2.176483333333333,2.1142386666666666,-0.4827633333333334,-0.25900439402233,-0.2491582777082037,0.1710497984374715,-0.0176226547187295,0.0235724136815747,0.0272523041235351,0.3943345817613393,0.1411893016991234,-0.1411091049290767,0.167401823761792,-1.1360280471038964,-0.6885548163387338,-1.381091039123815,-1.3853800253512285,-1.486017978454441,0.3782430827853882,185.1073085607356,2.1931233839593616,17.43369487955787,25.94948436268107,5.495827921452229,5.585598154085077,0.0932318832359829,0.1259237511057015,moderate
192.01937933333332,1.4054172333333337,-3.1343739999999998,11.182432666666667,1.92712,2.181804333333333,2.3336626666666667,-0.7174699999999999,0.0227809325330063,-0.3715533989653965,-0.052846762800435,-0.197265858628583,0.0212243840401379,0.0253389689158738,2.590206504411862,0.1240574544668131,0.2892207786834633,-0.0456959531852141,-1.1717394493555815,-1.0740490400242086,-1.338135214715877,-1.349235888821858,6.416992678144547,-1.494187904750334,203.9023742739929,2.158129871525944,28.994214932943084,34.03401120567025,5.446275538758599,5.547970053957867,0.0997228249312216,0.118600573721026,moderate
264.94141399999995,0.8830502666666666,-0.8829584800000002,4.0164287000000005,1.7534726666666665,2.0025443333333337,2.130728,1.2065946666666665,-0.3270968460038596,-0.295511407224886,0.0440829455977908,0.2215642664345145,0.130298495337513,0.1380803128152153,1.119381678144244,-1.8983059573465413,-0.1522977928728943,0.9602504557732744,-0.6626662944459989,-0.3178776640872813,-1.215728258006209,-1.2235210672164394,0.3748781447842306,2.121606708189548,189.60444032363532,2.147019639897194,21.13456900922089,29.30621615271041,5.568527253781432,5.669647623428407,0.2513649679377667,0.8577500258589867,moderate
266.2334546666667,0.4691864999999999,-0.9725027566666667,4.337699833333334,1.818350666666667,2.0704336666666667,2.09478,1.5173306666666668,-0.0966889143711938,-0.4394692790033225,0.1210905089540348,-0.4655746700156771,0.0292605543794426,0.03937043637609,-0.2029479501803008,0.0726418225168758,0.1171488861704417,0.1787870393135482,-1.2324628777443347,-0.4439934142777662,-1.1095879040348784,-1.1250581220824272,-1.6706950313388844,0.8874062091966177,178.53506100017142,2.02013256252703,17.09901630416627,22.95629502558652,5.717104703185886,5.829001119093035,0.1530013159276262,0.082804131985074,moderate
295.660702,0.4726160333333333,-0.52440731,4.937522066666667,1.9552553333333331,2.20982,2.087793,1.6055026666666667,-0.1509091234570242,-0.5723002803534757,-0.1040772481279364,-0.213610033385154,0.0622536539210153,0.0742291214034474,-0.3653553730507533,0.4570325225874428,-0.3287875923241601,0.2494443343716166,-1.1728261332485428,-0.3786243007744088,-0.8902211330162251,-0.9074134856655488,-1.4175415702201106,-1.0412448738855795,183.86553416939307,2.0472102547175437,17.298299696717397,22.87990718309336,5.971890771312425,6.095732650953973,0.1352254410878046,0.1317032371221391,moderate
280.6842506666667,0.3177943333333333,-1.0911548133333333,5.981137400000001,2.089964,2.351278,2.0736583333333334,1.5840096666666668,-0.0554654569126265,-0.4264553736259387,0.0240025593238073,-0.1264439533711808,-0.0132672122293953,-0.0031811950571058,-0.2734570825903203,0.1900240670756466,-0.3155919356308794,0.2814930192694529,-0.9589747937229284,-0.3916554415290911,-0.6620259588774342,-0.6842399778266963,-1.1754069446182125,-1.101190904769304,180.63395304923807,2.076144019491452,15.596326059939097,21.74347430341093,5.859286072555038,5.9871399446456826,0.1396848721548566,0.1382683690490604,moderate
276.1382366666666,0.4018538999999999,-2.0134021333333334,5.576573933333333,2.0238536666666667,2.277190666666667,1.9039556666666664,1.5765856666666669,-0.2726039308678684,-0.3535990412605354,0.0743207489931941,-0.2692596870788744,0.0161268892826934,0.0240982916923369,-1.1541121996552093,0.7554751869178242,0.1019229793667624,0.0004383718857634,-1.2550512253307482,-0.5337801126988695,-0.2867798960486207,-0.3164454340014853,0.0067929072775427,-1.1506870371723552,173.16380414027145,2.0877059413564547,17.49834196855566,23.50186371277248,5.583997226560978,5.709066993982949,0.1095342996991849,0.1051514545272017,moderate
296.3394348484848,0.6608547727272728,-4.169739901515152,3.6857647727272727,2.2529310606060604,2.505132575757576,1.7511969696969698,1.6713060606060606,0.3086294546904389,-0.7481554835724618,0.1574871257101071,-0.0310833113579592,-0.0429933611448485,-0.0406872229339042,-0.0613330848928384,0.0613330848928312,-0.0552869134413529,0.225346223338152,-0.8283738968185275,-0.3081613744535523,-0.0743218283016688,-0.1187857006937291,-2.0271881248026933,-2.0271881248026937,193.6903984382324,2.1018857235249406,15.235203084547557,21.20394215453925,5.185704867370551,5.307405491587846,0.0826759201763531,0.0478095582087769,moderate
